{"cells":[{"name":{"_data_":"BranchLine","_wellknowntype_":"string"},"views":[{"name":{"_data_":"emSetup","_wellknowntype_":"string"},"references":{"cells":[],"externalFiles":[],"libraries":[],"libraryFiles":[{"_data_":"Q2_lib:substrate1.subst","_wellknowntype_":"string"}],"pcbVias":[],"views":[{"_data_":"Q2_lib:BranchLine:layout","_wellknowntype_":"string"}]},"timestamp":[{"file":{"_data_":".","_wellknowntype_":"string"},"time":{"_data_":1706829115153,"_wellknowntype_":"int64"}},{"file":{"_data_":"eesof_em_setup.file","_wellknowntype_":"string"},"time":{"_data_":1706747678054,"_wellknowntype_":"int64"}},{"file":{"_data_":"emStateFile.xml","_wellknowntype_":"string"},"time":{"_data_":1706829625494,"_wellknowntype_":"int64"}},{"file":{"_data_":"master.tag","_wellknowntype_":"string"},"time":{"_data_":1706753320727,"_wellknowntype_":"int64"}}]}]}],"name":{"_data_":"Q2_lib","_wellknowntype_":"string"},"version":{"_data_":1.0,"_wellknowntype_":"double"}}